{"WWWRACE3": 0.08253534138202667, "W2TOTCL": 0.06136350706219673, "AGE1829": 0.054950516670942307, "W12WHITE": 0.05439838394522667, "W2FIPCOM": 0.04285868629813194, "WWWEDU3": 0.0345962718129158, "W12EDUC3": 0.030322182923555374, "EDUCAT4": 0.02532993070781231, "RAC3": 0.024713005870580673, "USAWT2CC": 0.024020381271839142, "W12BLACK": 0.023678211495280266, "W2SECURE": 0.022367486730217934, "NEWRACE": 0.022231293842196465, "WWWHOMLN": 0.021149596199393272, "COMPLET2": 0.02087957225739956, "WWWBRNUS": 0.02022635191679001, "WWWWHITE": 0.01997784525156021, "WWWAGEC1": 0.019199678674340248, "W12RACE4": 0.0190422460436821, "RHWT2CC": 0.018020397052168846, "W1TRUAM2": 0.017993949353694916, "RHWT2RC": 0.017615173012018204, "USAWT1RV": 0.017337443307042122, "USAWT2NC": 0.016235824674367905, "W2CIVLIB": 0.01608279161155224, "W2MISSCL": 0.01575205661356449, "WWWSEX": 0.015540219843387604, "AGE65PLM": 0.015334498137235641, "RACES": 0.015094359405338764, "WWWAGE": 0.014641613699495792, "IMPHISP": 0.014279003255069256, "WWWRACE4": 0.014246697537600994, "W1STATE": 0.01411343552172184, "W1FIPCOM": 0.014086507260799408, "WWWEDU5": 0.013660961762070656, "USAWT2RC": 0.013635861687362194, "AGE6064M": 0.013553501106798649, "AGE3039": 0.01354158390313387, "CENSDIV": 0.01334252581000328, "WWWMALE": 0.013051843270659447, "RACWT1RV": 0.012831483036279678, "AGE4049M": 0.012496198527514935, "AGE5059M": 0.01139787770807743, "W12HISP": 0.010666092857718468, "MULT2": 0.006041977554559708, "WWWBLACK": 0.00556566147133708, "WWWHISP": 0.0, "W12OTHET": 0.0}