{"USAWT2CC": 0.5106368253722159, "W12WHITE": 0.11946797696479865, "W12RACE4": 0.0754473660806297, "WWWEDU3": 0.07352704063695194, "WWWAGE": 0.05651731715426014, "W12EDUC3": 0.051705582578787664, "W2CIVLIB": 0.025123364709920885, "AGE3039": 0.021746916718752257, "RACWT1RV": 0.019092246439898895, "CENSDIV": 0.01690924876331992, "W2FIPCOM": 0.016892730822752316, "W1STATE": 0.012868852181603184, "USAWT1RV": 6.453157610870388e-05, "WWWWHITE": 0.0, "WWWMALE": 0.0, "WWWSEX": 0.0, "AGE65PLM": 0.0, "AGE4049M": 0.0, "W1FIPCOM": 0.0, "W12BLACK": 0.0, "W2TOTCL": 0.0, "WWWBLACK": 0.0, "AGE5059M": 0.0, "WWWHOMLN": 0.0, "AGE1829": 0.0, "W1TRUAM2": 0.0, "EDUCAT4": 0.0, "W12HISP": 0.0, "WWWBRNUS": 0.0, "WWWAGEC1": 0.0, "WWWHISP": 0.0, "WWWEDU5": 0.0, "AGE6064M": 0.0, "W2SECURE": 0.0, "WWWRACE4": 0.0, "RAC3": 0.0, "WWWRACE3": 0.0, "NEWRACE": 0.0, "COMPLET2": 0.0, "IMPHISP": 0.0, "RACES": 0.0, "W12OTHET": 0.0, "W2MISSCL": 0.0, "USAWT2RC": 0.0, "RHWT2CC": 0.0, "USAWT2NC": 0.0, "RHWT2RC": 0.0, "MULT2": 0.0}