{"RHWT2CC": 0.09864492258577474, "W2TOTCL": 0.07252621234131387, "USAWT2CC": 0.07188580802574615, "W2CIVLIB": 0.0717113701159676, "W2SECURE": 0.05923150524215847, "W2FIPCOM": 0.05367714072758001, "W2MISSCL": 0.0512297410355611, "W12EDUC3": 0.03780040523824288, "WWWAGE": 0.036991589679655754, "WWWEDU3": 0.0325478579444718, "EDUCAT4": 0.03199616969019182, "WWWEDU5": 0.031017277343500287, "WWWAGEC1": 0.024271519345297154, "USAWT2NC": 0.023976994972227553, "W12WHITE": 0.023386348080425782, "W1STATE": 0.02305961225829702, "USAWT2RC": 0.020830929312066728, "RHWT2RC": 0.01827781961018296, "W12RACE4": 0.016617302570386513, "USAWT1RV": 0.016346095432387388, "RAC3": 0.015073804747389244, "WWWRACE4": 0.014718276214428828, "CENSDIV": 0.012889300053668675, "W1FIPCOM": 0.012507828798003068, "AGE1829": 0.011116385964660445, "NEWRACE": 0.010539812766034455, "RACWT1RV": 0.010500905359729003, "RACES": 0.009908857804399578, "WWWWHITE": 0.008944418728338222, "W12BLACK": 0.008850601721823953, "WWWRACE3": 0.008283336433824708, "COMPLET2": 0.007797728841992551, "WWWSEX": 0.006923657629547608, "W1TRUAM2": 0.006460538797051264, "WWWBRNUS": 0.005166192038117, "WWWHOMLN": 0.004522812378952412, "W12HISP": 0.00435460790237559, "AGE3039": 0.004332454203439016, "WWWMALE": 0.0037890236638293963, "AGE65PLM": 0.003752780126024982, "IMPHISP": 0.0033603079596668446, "WWWHISP": 0.0026072500727728335, "AGE5059M": 0.0025239937382416583, "WWWBLACK": 0.002231212317409996, "AGE4049M": 0.0018045551231900005, "AGE6064M": 0.0009190220938773245, "MULT2": 5.1764301079036025e-05, "W12OTHET": 4.1948668696731877e-05}