{"PC_2": 0.4660227388351043, "PC_1": 0.22562753104239147, "PC_10": 0.09932247122265778, "PC_3": 0.08421195440885598, "PC_9": 0.05882369529550857, "PC_4": 0.050561379543906854, "PC_5": 0.015430229651574971, "PC_6": 0.0, "PC_7": 0.0, "PC_8": 0.0}