{"PC_5": 0.25397824365306054, "PC_7": 0.18770353126364622, "PC_2": 0.14044648045269853, "PC_6": 0.0870810834748719, "PC_1": 0.08242884113126564, "PC_4": 0.05569088357250306, "PC_9": 0.051559119490728604, "PC_10": 0.050558781503177365, "PC_3": 0.047064052177772514, "PC_8": 0.04348898328027569}