{"UMAP_2": 0.5044146282737976, "UMAP_1": 0.4955853717262025}