{"PC_5": 0.859945150190977, "PC_3": 0.140054849809023, "PC_1": 0.0, "PC_2": 0.0, "PC_4": 0.0, "PC_6": 0.0, "PC_7": 0.0, "PC_8": 0.0, "PC_9": 0.0, "PC_10": 0.0}