{"UMAP_1": 0.6807788378477061, "UMAP_2": 0.3192211621522938}