{"PC_5": 0.17865140736103058, "PC_7": 0.14228248596191406, "PC_2": 0.10690691322088242, "PC_3": 0.09325462579727173, "PC_9": 0.08687262237071991, "PC_4": 0.08424557745456696, "PC_6": 0.08391014486551285, "PC_1": 0.08227691054344177, "PC_8": 0.07402542978525162, "PC_10": 0.06757395714521408}