{"UMAP_2": 0.5037968158721924, "UMAP_1": 0.49620321393013}