{"UMAP_1": 0.6033347249031067, "UMAP_2": 0.3966653048992157}