{"PC_2": 0.31648799777030945, "PC_1": 0.18250654637813568, "PC_10": 0.0832892507314682, "PC_3": 0.08084208518266678, "PC_4": 0.07082623988389969, "PC_9": 0.061099253594875336, "PC_7": 0.05682019144296646, "PC_6": 0.05401817709207535, "PC_5": 0.04767444729804993, "PC_8": 0.04643573239445686}