{"UMAP_1": 0.5862485846152492, "UMAP_2": 0.4137514153847509}