{"UMAP_1": 0.5039871420549668, "UMAP_2": 0.49601285794503336}