{"PC_2": 0.24378673337927728, "PC_3": 0.15787997192257328, "PC_1": 0.14746356548812586, "PC_9": 0.0813720211889279, "PC_4": 0.0731140650357892, "PC_10": 0.0700774700431485, "PC_5": 0.06702101844054867, "PC_8": 0.05608870756198497, "PC_7": 0.05181933174561137, "PC_6": 0.051377115194013015}