{"W2TOTCL": 0.08431945741176605, "W2SECURE": 0.048454247415065765, "RAC3": 0.04642513766884804, "WWWWHITE": 0.03999494016170502, "WWWBLACK": 0.0337134413421154, "WWWRACE3": 0.030027564615011215, "W2CIVLIB": 0.020069513469934464, "WWWRACE4": 0.016966860741376877, "W1STATE": 0.016651542857289314, "AGE65PLM": 0.01468414906412363, "CL2": 0.01433549728244543, "CL9": 0.014321038499474525, "WWWBRNUS": 0.013658992946147919, "AGE1829": 0.012920843437314034, "CL9R": 0.012746899388730526, "CENSDIV": 0.012508850544691086, "W12EDUC3": 0.012355362065136433, "V1_B": 0.012203622609376907, "CL1": 0.01212663110345602, "GT2": 0.012017443776130676, "DEMOC": 0.011733749881386757, "INCOME": 0.011708421632647514, "CL5": 0.011613058857619762, "FIPCOM": 0.011612709611654282, "CL10R": 0.011362917721271515, "CD7_A": 0.011216359212994576, "CL4A": 0.010981322266161442, "COLGRD": 0.010870016179978848, "WWWAGE": 0.010740031488239765, "DOG5R": 0.0105513334274292, "CL1R": 0.01054485235363245, "COMPLET2": 0.010318492539227009, "W1TRUAM2": 0.010286904871463776, "CD8": 0.009924785234034061, "DG3": 0.009903415106236935, "CL2R": 0.00971425510942936, "INCA": 0.009619815275073051, "SEC8": 0.009602834470570087, "IWER3": 0.009278504177927971, "WWWHOMLN": 0.009270130656659603, "CON": 0.009223821572959423, "X1": 0.0090832794085145, "MEANFR": 0.00906561128795147, "CD4A_A": 0.009018991142511368, "DG2": 0.008852854371070862, "WWWAGEC1": 0.008776954375207424, "SOMCOL": 0.008757846429944038, "FEMALE": 0.008681903593242168, "COMHS": 0.008577574975788593, "F2": 0.008430990390479565, "MOD": 0.00840611383318901, "DOG3R": 0.008381970226764679, "DOG4R": 0.008281855843961239, "AGE3039": 0.008262287825345993, "CT1A": 0.008192452602088451, "FIP1": 0.008188784122467041, "POLINT": 0.007896666415035725, "DOG6R": 0.00769543694332242, "BABS": 0.007616977673023939, "CT2BIN": 0.007586428429931402, "ADVDEG": 0.007514784578233957, "P17_A": 0.0075106192380189896, "STRATA": 0.007131041493266821, "CL5R": 0.007103122305124998, "MNDOG": 0.007066855672746897, "DOG2R": 0.007056212052702904, "PROUD": 0.007021697703748941, "CD6": 0.00697316462174058, "FIP2": 0.006860386114567518, "DOG1R": 0.006722636055201292, "CL7R": 0.006644571665674448, "AGE5059M": 0.006245534401386976, "CLPROP": 0.006234528962522745, "CL6B": 0.006043067201972008, "LIB": 0.005891433451324701, "REPUB": 0.005879353266209364, "SEC4": 0.0057422444224357605, "B1": 0.005425375886261463, "B2": 0.0051845647394657135, "INDEP": 0.005145225673913956, "CD5A": 0.003625048091635108, "AGE4049M": 0.0033814585767686367, "LOPROU": 0.0032622949220240116, "CL8R": 0.0, "PTYID3": 0.0, "VPROUD": 0.0, "IDEO3": 0.0, "EDUCAT4": 0.0, "CL7": 0.0, "AGE6064M": 0.0, "WWWEDU3": 0.0, "WWWEDU5": 0.0, "WWWHISP": 0.0, "CL8": 0.0, "W12RACE4": 0.0, "NEWRACE": 0.0, "LTHS": 0.0, "RI2_A": 0.0, "P1": 0.0, "CL10": 0.0}