{"W2TOTCL": 0.7295619062140545, "WWWAGE": 0.08641040152065056, "WWWEDU3": 0.0477983365042594, "USAWT2RC": 0.031127474022205455, "USAWT2CC": 0.030627703918441735, "EDUCAT4": 0.02718892926789679, "W2CIVLIB": 0.014175524157556784, "WWWRACE4": 0.014074271381527028, "RHWT2CC": 0.009515240338614795, "W1STATE": 0.008098340281071072, "CENSDIV": 0.0012688485221030374, "USAWT1RV": 0.0001530238716189519, "WWWSEX": 0.0, "WWWWHITE": 0.0, "W12EDUC3": 0.0, "AGE65PLM": 0.0, "WWWBLACK": 0.0, "AGE4049M": 0.0, "W1FIPCOM": 0.0, "AGE5059M": 0.0, "AGE3039": 0.0, "W2FIPCOM": 0.0, "WWWHOMLN": 0.0, "W1TRUAM2": 0.0, "AGE1829": 0.0, "WWWBRNUS": 0.0, "WWWHISP": 0.0, "WWWAGEC1": 0.0, "WWWEDU5": 0.0, "AGE6064M": 0.0, "W12RACE4": 0.0, "W2SECURE": 0.0, "RAC3": 0.0, "WWWRACE3": 0.0, "NEWRACE": 0.0, "COMPLET2": 0.0, "IMPHISP": 0.0, "RACES": 0.0, "W12OTHET": 0.0, "USAWT2NC": 0.0, "RACWT1RV": 0.0, "W2MISSCL": 0.0, "RHWT2RC": 0.0, "MULT2": 0.0}