{"W2TOTCL": 0.25315284729003906, "AGE1829": 0.12312756478786469, "W12RACE4": 0.030292125418782234, "WWWWHITE": 0.029126733541488647, "WWWAGEC1": 0.026296138763427734, "AGE6064M": 0.02489503100514412, "USAWT1RV": 0.024496203288435936, "WWWAGE": 0.022970356047153473, "W12EDUC3": 0.022725358605384827, "WWWRACE4": 0.022333959117531776, "AGE3039": 0.02211182564496994, "W1TRUAM2": 0.018737107515335083, "W2CIVLIB": 0.018711252138018608, "USAWT2RC": 0.018056590110063553, "RHWT2CC": 0.017817925661802292, "WWWRACE3": 0.017661653459072113, "USAWT2CC": 0.017064321786165237, "RAC3": 0.01654702238738537, "RACWT1RV": 0.016087723895907402, "RHWT2RC": 0.01604069396853447, "W1STATE": 0.01601092889904976, "AGE5059M": 0.01577438972890377, "W2SECURE": 0.01507484819740057, "WWWEDU5": 0.01501448918133974, "COMPLET2": 0.01489870436489582, "WWWBLACK": 0.014702186919748783, "USAWT2NC": 0.014495342038571835, "WWWBRNUS": 0.014160017482936382, "CENSDIV": 0.01359882578253746, "W2FIPCOM": 0.013390238396823406, "W1FIPCOM": 0.013140563853085041, "AGE65PLM": 0.011994408443570137, "WWWHOMLN": 0.011500097811222076, "NEWRACE": 0.011336169205605984, "AGE4049M": 0.011155134066939354, "WWWSEX": 0.009615801274776459, "WWWHISP": 0.00944784376770258, "IMPHISP": 0.008577863685786724, "EDUCAT4": 0.007859728299081326, "WWWEDU3": 0.0, "RACES": 0.0, "W12OTHET": 0.0, "W2MISSCL": 0.0, "MULT2": 0.0}