{"W2TOTCL": 0.14143954373741807, "USAWT2CC": 0.10915780387767754, "W2CIVLIB": 0.10744064694688288, "RHWT2CC": 0.10199300807765703, "W2FIPCOM": 0.06899710676901903, "W2SECURE": 0.06290048687251651, "W2MISSCL": 0.0534412116313194, "WWWAGE": 0.048420128865263194, "WWWAGEC1": 0.039403748921567824, "USAWT2RC": 0.03245480329993017, "W1STATE": 0.020081629326168474, "RACWT1RV": 0.01880985377292183, "RHWT2RC": 0.017371229900118117, "W1TRUAM2": 0.017198229268178048, "USAWT2NC": 0.0157088621743418, "WWWWHITE": 0.015349397782057829, "W12EDUC3": 0.014323299591616923, "EDUCAT4": 0.013237595401583722, "USAWT1RV": 0.011449537123109563, "WWWEDU5": 0.011430327419374635, "WWWRACE4": 0.011428298509290695, "W12RACE4": 0.008708231338608739, "CENSDIV": 0.00863109366976742, "WWWEDU3": 0.006405662437565799, "AGE1829": 0.005336237385645134, "W1FIPCOM": 0.005306764860951238, "AGE65PLM": 0.004703480882602328, "WWWSEX": 0.004056688016659163, "AGE3039": 0.0032623806659717175, "WWWRACE3": 0.002781560792363952, "RACES": 0.0021167961404239695, "NEWRACE": 0.002074397933611951, "WWWBRNUS": 0.0020420316361243114, "IMPHISP": 0.0019945570796825584, "AGE4049M": 0.0019879121082420305, "WWWHISP": 0.0018164684322957536, "AGE5059M": 0.0017829476013193617, "COMPLET2": 0.001619056468546598, "RAC3": 0.001566305717562861, "WWWBLACK": 0.0014855281689714625, "WWWHOMLN": 0.0002731289847430415, "AGE6064M": 1.2020410327313133e-05, "W12OTHET": 0.0, "MULT2": 0.0}