{"W2CIVLIB": 0.11820942820130229, "W2TOTCL": 0.11576203068488641, "W2SECURE": 0.06617038228241619, "WWWAGE": 0.03620413254186481, "W1STATE": 0.03405361716010428, "MNDOG": 0.024938029701826146, "CENSDIV": 0.021952641631851965, "WWWWHITE": 0.02171381806955045, "WWWRACE4": 0.02131655716254165, "MEANFR": 0.02060668991217954, "INCOME": 0.018758302527532966, "WWWAGEC1": 0.01822380630155711, "X1": 0.015314352600007715, "CLPROP": 0.014782618839780319, "W1TRUAM2": 0.01334495200850988, "W12RACE4": 0.012914045932589819, "WWWEDU5": 0.011743526236172877, "WWWRACE3": 0.011563160562776587, "F2": 0.010737076091457609, "DOG6R": 0.00960481543105117, "CD6": 0.009594082541007527, "CT1A": 0.00932951716362315, "GT2": 0.009290546476168506, "DOG1R": 0.009261546120231674, "DOG5R": 0.009146436681251037, "DOG3R": 0.009087526395952289, "FIPCOM": 0.008665570509580462, "RAC3": 0.008584392223024736, "W12EDUC3": 0.008183058811671105, "DOG2R": 0.008127080549797126, "CD8": 0.007996401368422335, "FIP1": 0.00793399366534292, "WWWBLACK": 0.007792628331914754, "AGE3039": 0.0077647901145515555, "CD7_A": 0.007655685314910879, "INCA": 0.00755957192805872, "CL9": 0.007325153985144797, "DG3": 0.006974915564407919, "NEWRACE": 0.006946912897604803, "CL2": 0.006698492973221728, "DG2": 0.006683903552046364, "SEC8": 0.006355726725633945, "CL5R": 0.006244462078366593, "CL2R": 0.006044467361243222, "DOG4R": 0.0060379900861450495, "CL1": 0.005939261353138239, "AGE65PLM": 0.005883318688417497, "PTYID3": 0.005753124026563631, "CL4A": 0.005488218665021839, "EDUCAT4": 0.0053956708683188005, "BABS": 0.005380329851654465, "STRATA": 0.005212513807217694, "SEC4": 0.005199720149036016, "CD4A_A": 0.005194012117148661, "CT2BIN": 0.0051664861979660495, "CL9R": 0.005140691047902455, "CL7": 0.005129230637818356, "CL7R": 0.005066314935572346, "V1_B": 0.004981940671100972, "B1": 0.004823076303996055, "WWWEDU3": 0.004682609413142666, "FEMALE": 0.004662910634524674, "MOD": 0.004651474219853055, "IDEO3": 0.004631434445564078, "P17_A": 0.004561853238141988, "CL5": 0.004488521027283058, "AGE1829": 0.004084457575452859, "POLINT": 0.004071871499644672, "CL1R": 0.004064018284033374, "FIP2": 0.003944793642873379, "COLGRD": 0.003857249959196481, "ADVDEG": 0.0038516696520963754, "DEMOC": 0.0037101090027090488, "AGE5059M": 0.003706094853341069, "COMHS": 0.0036744972993917337, "IWER3": 0.0033976750294284408, "CL8": 0.0033053899871194033, "RI2_A": 0.0030037232099336697, "COMPLET2": 0.0029209647269225775, "SOMCOL": 0.0028949601564114626, "CL10R": 0.0028456472515715992, "REPUB": 0.002845216428411378, "CON": 0.002496177398786334, "CL6B": 0.0024888504288567218, "B2": 0.0021117414695783357, "CL8R": 0.0020262845170128164, "AGE4049M": 0.0018380998567694717, "INDEP": 0.0017244684209818475, "CD5A": 0.0014167589615502563, "P1": 0.001387944829436693, "WWWHOMLN": 0.0012348477699197296, "WWWHISP": 0.0011488053949338945, "CL10": 0.001066018633440966, "WWWBRNUS": 0.0009137735661858475, "PROUD": 0.0008242861387833465, "AGE6064M": 0.0007704894682565864, "LOPROU": 0.0007244675808663757, "LIB": 0.0005262095141560362, "VPROUD": 0.0004908878932816073, "LTHS": 0.0}