{"UMAP_1": 0.5236138136738312, "UMAP_2": 0.47638618632616886}