{"UMAP_2": 0.5800602354074444, "UMAP_1": 0.4199397645925556}