{"UMAP_1": 0.5095224380493164, "UMAP_2": 0.4904775321483612}