{"UMAP_1": 0.744551162026975, "UMAP_2": 0.255448837973025}