{"UMAP_1": 0.6812174320220947, "UMAP_2": 0.31878262758255005}