{"UMAP_2": 0.5096025755475206, "UMAP_1": 0.4903974244524794}