{"UMAP_1": 0.6181827783584595, "UMAP_2": 0.3818172216415405}