{"PC_1": 0.22865399718284607, "PC_2": 0.19077274203300476, "PC_4": 0.14717505872249603, "PC_3": 0.12057439982891083, "PC_5": 0.09109050780534744, "PC_8": 0.07454822212457657, "PC_9": 0.061292894184589386, "PC_6": 0.05028806999325752, "PC_7": 0.03560415282845497}