{"PC_2": 0.3898567259311676, "PC_1": 0.1484990417957306, "PC_4": 0.09552142769098282, "PC_3": 0.06165613979101181, "PC_8": 0.059804078191518784, "PC_9": 0.05658720061182976, "PC_10": 0.052248265594244, "PC_7": 0.047302354127168655, "PC_6": 0.04573291540145874, "PC_5": 0.04279177635908127}