{"PC_2": 0.2538168728351593, "PC_1": 0.18408718705177307, "PC_5": 0.08873699605464935, "PC_3": 0.0883236899971962, "PC_4": 0.07137510180473328, "PC_10": 0.06602717936038971, "PC_7": 0.06549493223428726, "PC_6": 0.06523190438747406, "PC_8": 0.06012235954403877, "PC_9": 0.05678389593958855}