{"PC_2": 0.2595228850841522, "PC_1": 0.19624051451683044, "PC_4": 0.11861914396286011, "PC_8": 0.09952719509601593, "PC_3": 0.09251829236745834, "PC_9": 0.06556345522403717, "PC_6": 0.06303633749485016, "PC_7": 0.057066816836595535, "PC_5": 0.047905322164297104}