{"PC_3": 0.36423182487487793, "PC_2": 0.340751975774765, "PC_1": 0.05528692156076431, "PC_4": 0.04339839890599251, "PC_6": 0.03807919844985008, "PC_9": 0.035125017166137695, "PC_5": 0.032009124755859375, "PC_7": 0.03177999332547188, "PC_8": 0.030314644798636436, "PC_10": 0.029022950679063797}