{"UMAP_2": 0.6155092120170593, "UMAP_1": 0.3844907283782959}