{"PC_2": 0.38543227314949036, "PC_1": 0.16798195242881775, "PC_3": 0.07843691110610962, "PC_5": 0.07774117588996887, "PC_6": 0.05243711918592453, "PC_7": 0.05222064256668091, "PC_10": 0.049393799155950546, "PC_9": 0.04704657196998596, "PC_8": 0.04573513939976692, "PC_4": 0.043574344366788864}