{"UMAP_2": 0.7608633637428284, "UMAP_1": 0.23913663625717163}