{"UMAP_1": 0.8205267190933228, "UMAP_2": 0.17947329580783844}