{"UMAP_2": 0.5171319246292114, "UMAP_1": 0.48286813497543335}