{"UMAP_1": 0.5053410530090332, "UMAP_2": 0.4946589767932892}