{"PC_2": 0.24107907712459564, "PC_1": 0.19534608721733093, "PC_3": 0.13335546851158142, "PC_4": 0.09360255300998688, "PC_5": 0.061115480959415436, "PC_6": 0.05859643965959549, "PC_7": 0.057958513498306274, "PC_8": 0.054259490221738815, "PC_10": 0.053325071930885315, "PC_9": 0.0513618178665638}