{"UMAP_2": 0.5484811663627625, "UMAP_1": 0.45151886343955994}