{"UMAP_2": 0.7135226726531982, "UMAP_1": 0.28647729754447937}