{"PC_2": 0.2654394209384918, "PC_1": 0.18860481679439545, "PC_3": 0.10363248735666275, "PC_7": 0.07684177905321121, "PC_6": 0.06783699244260788, "PC_4": 0.06480603665113449, "PC_10": 0.06458120793104172, "PC_9": 0.06390804797410965, "PC_8": 0.05342971906065941, "PC_5": 0.05091943219304085}