{"UMAP_2": 0.5149365663528442, "UMAP_1": 0.48506346344947815}