{"PC_2": 0.2834206521511078, "PC_1": 0.17919406294822693, "PC_5": 0.08757209777832031, "PC_4": 0.07639376074075699, "PC_6": 0.07347416132688522, "PC_7": 0.06755603104829788, "PC_10": 0.06642776727676392, "PC_3": 0.0636761337518692, "PC_8": 0.053060006350278854, "PC_9": 0.0492253378033638}