{"UMAP_2": 0.535469651222229, "UMAP_1": 0.4645302891731262}