{"PC_3": 0.36574745178222656, "PC_2": 0.27749916911125183, "PC_1": 0.06530457735061646, "PC_7": 0.06022035703063011, "PC_8": 0.04625856876373291, "PC_6": 0.039820827543735504, "PC_4": 0.03735193982720375, "PC_9": 0.03727033734321594, "PC_5": 0.03555966913700104, "PC_10": 0.034967076033353806}