{"WWWRACE3": 0.34918487071990967, "WWWBLACK": 0.12344508618116379, "STRATA": 0.10876508802175522, "W1STATE": 0.09373687952756882, "USAWT2RC": 0.07747672498226166, "COUNTY": 0.04764558747410774, "F2": 0.046941399574279785, "CENSDIV": 0.04401416331529617, "WWWAGE": 0.04041436314582825, "WWWEDU5": 0.03765994310379028, "WWWHISP": 0.03071586787700653}