{"P1": 0.3595549464225769, "WWWBLACK": 0.10377414524555206, "W1STATE": 0.08658765256404877, "F3": 0.08312074095010757, "W1AGE": 0.07619668543338776, "STRATA": 0.06305845081806183, "COUNTY": 0.06298438459634781, "P17_A": 0.05876053497195244, "X1": 0.05685754865407944, "CD2": 0.0491049624979496}