{"W2CIVLIB": 0.14738406240940094, "EDUCAT4": 0.10078644752502441, "MULT3": 0.069021075963974, "W12WHITE": 0.06374383717775345, "WWWAGEC1": 0.05822787433862686, "WWWEDU3": 0.050724174827337265, "AGE1829": 0.02846156805753708, "WWWRACE3": 0.02365516498684883, "RHWT2RC": 0.023500744253396988, "W12EDUC3": 0.021248048171401024, "WWWAGE": 0.02123282663524151, "W2MISSCL": 0.020926309749484062, "COMPLET3": 0.019996780902147293, "IMPRACE": 0.01993395946919918, "WWWMALE": 0.015796558931469917, "W1TRUAM3": 0.014947487972676754, "AGE65PLM": 0.013444515876471996, "W12RACE4": 0.01260850764811039, "CENSREGN": 0.011511794291436672, "W2TOTCL": 0.01150085311383009, "W2FIPCOM": 0.011034158989787102, "RHWT2CC": 0.010832274332642555, "WWWHOMLN": 0.010800574906170368, "W12BLACK": 0.010512166656553745, "W2SECURE": 0.00989505834877491, "WWWSEX": 0.009882457554340363, "WWWBLACK": 0.009873767383396626, "RACWT2RC": 0.009510966949164867, "USAWT1RV": 0.009399618953466415, "IMPHISP": 0.00937115028500557, "NEWRACE": 0.009244021028280258, "WWWBRNUS": 0.009211231023073196, "USAWT2RC": 0.008974187076091766, "USAWT2CC": 0.00895710103213787, "W1FIPCOM": 0.008653479628264904, "AGE3039": 0.008579718880355358, "W1STATE": 0.008159369230270386, "HISWT1RV": 0.008065260946750641, "W1AGE": 0.007733965292572975, "W12SEX": 0.007549797184765339, "CENSDIV": 0.007480619475245476, "USAWT2NC": 0.0071166264824569225, "WWWEDU5": 0.007097085006535053, "HISWT2RC": 0.0070967767387628555, "AGE6064M": 0.0064394292421638966, "W12AGEC1": 0.006210545543581247, "RACWT1RV": 0.006119741126894951, "WWWWHITE": 0.006108430214226246, "W1TRUAM2": 0.005747659131884575, "W1AGECAT": 0.003925628028810024, "WWWHISP": 0.0017644776962697506, "RAC3": 0.0}