{"W2SECURE": 0.32624006271362305, "W12HISP": 0.07655258476734161, "WWWRACE4": 0.0548715740442276, "W12AGEC1": 0.05371016636490822, "W2TOTCL": 0.02436756156384945, "WWWEDU3": 0.023645902052521706, "USAWT2RC": 0.02248079515993595, "NEWRACE": 0.01971234567463398, "HISWT2RC": 0.019354069605469704, "USAWT1RV": 0.019085178151726723, "W1FIPCOM": 0.018279729411005974, "MULT3": 0.016474856063723564, "AGE3039": 0.01531333290040493, "WWWBLACK": 0.014339172281324863, "W12WHITE": 0.01352113950997591, "WWWAGE": 0.012863942421972752, "CENSDIV": 0.011983102187514305, "WWWBRNUS": 0.011924795806407928, "WWWMALE": 0.011712735518813133, "CENSREGN": 0.011452529579401016, "WWWAGEC1": 0.011225097812712193, "W1TRUAM3": 0.010747305117547512, "COMPLET3": 0.010577363893389702, "W2FIPCOM": 0.010531538166105747, "RAC3": 0.010506682097911835, "IMPRACE": 0.010486243292689323, "USAWT2NC": 0.010469016619026661, "W1STATE": 0.009771458804607391, "AGE5059M": 0.009218225255608559, "WWWHOMLN": 0.009153341874480247, "W12EDUC3": 0.008924616500735283, "RACWT1RV": 0.007696977350860834, "WWWSEX": 0.007676971610635519, "USAWT2CC": 0.007620102725923061, "WWWEDU5": 0.00722085265442729, "AGE4049M": 0.007210042793303728, "W12RACE4": 0.007094890810549259, "W12BLACK": 0.006905758287757635, "W1TRUAM2": 0.0066680884920060635, "RHWT2CC": 0.0066213458776474, "WWWRACE3": 0.006570559926331043, "W2MISSCL": 0.00563938869163394, "W2CIVLIB": 0.00530076352879405, "HISWT1RV": 0.0050899735651910305, "COMPLET2": 0.004875512327998877, "W12SEX": 0.004530320409685373, "RHWT2RC": 0.00437008123844862, "IMPHISP": 0.003946877084672451, "RACWT2RC": 0.002157712122425437, "EDUCAT4": 0.0018409021431580186, "WWWWHITE": 0.0009606626117601991, "AGE65PLM": 0.0005057057715021074, "W1AGECAT": 0.0, "WWWHISP": 0.0, "MULT2": 0.0, "RACES": 0.0, "W12OTHET": 0.0}