{"CL2": 0.22128506004810333, "WWWRACE4": 0.19582730531692505, "RHWT2CC": 0.16323398053646088, "COUNTY": 0.09410935640335083, "WWWEDU3": 0.07257300615310669, "WWWAGEC1": 0.06121312454342842, "W1STATE": 0.05460124835371971, "STRATA": 0.050925079733133316, "HISWT1RV": 0.04781271144747734, "CENSDIV": 0.038419101387262344}