{"W2TOTCL": 0.3680223524570465, "WWWHISP": 0.086192287504673, "W12EDUC3": 0.050078850239515305, "WWWAGEC1": 0.045487161725759506, "WWWWHITE": 0.035265494138002396, "MULT3": 0.03265250846743584, "W1AGE": 0.01929234154522419, "W1FIPCOM": 0.016322145238518715, "WWWRACE4": 0.0158988106995821, "W12AGEC1": 0.01552964560687542, "IMPHISP": 0.013333258219063282, "IMPRACE": 0.013180743902921677, "WWWMALE": 0.012999841012060642, "W12OTHET": 0.012130456045269966, "NEWRACE": 0.01204170472919941, "HISWT1RV": 0.011710402555763721, "USAWT2RC": 0.010768160223960876, "COMPLET3": 0.009904177859425545, "AGE3039": 0.009656603448092937, "WWWAGE": 0.00954256672412157, "RHWT2RC": 0.009426753036677837, "W12RACE4": 0.009180465713143349, "CENSDIV": 0.00843218807131052, "W1TRUAM3": 0.00836546253412962, "W2MISSCL": 0.008318518288433552, "USAWT2NC": 0.007998400367796421, "AGE65PLM": 0.007924174889922142, "WWWRACE3": 0.007884860038757324, "W1STATE": 0.0077927857637405396, "COMPLET2": 0.007451954763382673, "WWWSEX": 0.007393741048872471, "W2SECURE": 0.007365845609456301, "EDUCAT4": 0.007271537557244301, "WWWHOMLN": 0.0072686984203755856, "USAWT2CC": 0.007206433918327093, "AGE4049M": 0.006908576004207134, "RACWT1RV": 0.006826434284448624, "W2CIVLIB": 0.00655929371714592, "USAWT1RV": 0.006513223052024841, "RHWT2CC": 0.006471242755651474, "W1TRUAM2": 0.006460551638156176, "W2FIPCOM": 0.006417697761207819, "WWWBRNUS": 0.006241427268832922, "WWWEDU5": 0.00552500132471323, "W12BLACK": 0.004978269804269075, "WWWEDU3": 0.004887954331934452, "W12SEX": 0.004276869352906942, "AGE6064M": 0.004109854344278574, "RAC3": 0.0026711407117545605, "W1AGECAT": 0.0018609976395964622, "CENSREGN": 0.0, "RACES": 0.0, "WWWBLACK": 0.0, "W12HISP": 0.0}