{"USAWT2RC": 0.13986395299434662, "HISWT2RC": 0.13953308761119843, "W12WHITE": 0.043206438422203064, "RHWT2CC": 0.03792591392993927, "MULT3": 0.033141128718853, "WWWEDU3": 0.03219960257411003, "W12EDUC3": 0.03149361163377762, "W1FIPCOM": 0.02993624471127987, "AGE1829": 0.029528377577662468, "COMPLET3": 0.024970803409814835, "USAWT2CC": 0.0231227595359087, "WWWAGEC1": 0.02135813795030117, "EDUCAT4": 0.018406780436635017, "W2MISSCL": 0.017972324043512344, "WWWBLACK": 0.01750219240784645, "WWWMALE": 0.0168012585490942, "W12BLACK": 0.016743840649724007, "W2TOTCL": 0.016169242560863495, "WWWBRNUS": 0.01571989618241787, "NEWRACE": 0.015408019535243511, "W1AGECAT": 0.013520791195333004, "CENSREGN": 0.013213690370321274, "WWWHOMLN": 0.0119257140904665, "RACES": 0.01146693155169487, "IMPRACE": 0.011414721608161926, "COMPLET2": 0.011244143359363079, "W12AGEC1": 0.008698142133653164, "W2SECURE": 0.008588162250816822, "WWWSEX": 0.008502666838467121, "W2FIPCOM": 0.008442993275821209, "AGE3039": 0.008385294117033482, "RHWT2RC": 0.0080479821190238, "WWWAGE": 0.00755728455260396, "W2CIVLIB": 0.0075425333343446255, "IMPHISP": 0.007532713934779167, "W1STATE": 0.007478673011064529, "W1TRUAM3": 0.007144218776375055, "W12HISP": 0.0070416308008134365, "MULT2": 0.006827985867857933, "RACWT2RC": 0.006826011463999748, "W12SEX": 0.006495458073914051, "USAWT2NC": 0.0062837437726557255, "WWWRACE3": 0.006238749250769615, "AGE4049M": 0.006118832156062126, "WWWRACE4": 0.00609956169500947, "CENSDIV": 0.005902224685996771, "RACWT1RV": 0.005819493439048529, "AGE65PLM": 0.005604026839137077, "W1TRUAM2": 0.0055146124213933945, "WWWHISP": 0.0053691319189965725, "AGE5059M": 0.005304980091750622, "AGE6064M": 0.005251408088952303, "HISWT1RV": 0.005180814769119024, "RAC3": 0.004618161357939243, "WWWEDU5": 0.004515685141086578, "W12RACE4": 0.004144041333347559, "USAWT1RV": 0.003633888205513358, "WWWWHITE": 0.003169634146615863, "W12OTHET": 0.0023296501021832228}