{"STRATA": 0.2992766499519348, "CENSDIV": 0.29110369086265564, "WWWAGE": 0.1311025768518448, "COUNTY": 0.07857814431190491, "CENSREGN": 0.06772751361131668, "WWWEDU5": 0.04104629158973694, "WWWWHITE": 0.03555360063910484, "W1STATE": 0.032364267855882645, "F2": 0.023247260600328445}