{"W2TOTCL": 0.2734590172767639, "MULT3": 0.15406975150108337, "WWWWHITE": 0.036574847996234894, "RACES": 0.021733853965997696, "NEWRACE": 0.017548492178320885, "W2MISSCL": 0.017161177471280098, "AGE3039": 0.01689191721379757, "EDUCAT4": 0.01659420318901539, "W2FIPCOM": 0.016265807673335075, "W1AGECAT": 0.015720954164862633, "WWWRACE4": 0.014890139922499657, "W1TRUAM2": 0.014355313964188099, "CENSDIV": 0.01410018838942051, "W12RACE4": 0.014028606936335564, "HISWT2RC": 0.013933674432337284, "WWWAGE": 0.013711036182940006, "WWWEDU5": 0.013665292412042618, "RAC3": 0.01331999059766531, "WWWBRNUS": 0.013010988011956215, "AGE4049M": 0.012856471352279186, "CENSREGN": 0.012144315987825394, "W1TRUAM3": 0.012122866697609425, "USAWT2RC": 0.011880762875080109, "RHWT2CC": 0.011568381451070309, "W1STATE": 0.011538608931005001, "RACWT1RV": 0.011434447020292282, "USAWT2CC": 0.01117006503045559, "W2SECURE": 0.011139992624521255, "RHWT2RC": 0.010930534452199936, "W2CIVLIB": 0.01073890458792448, "USAWT1RV": 0.010641524568200111, "HISWT1RV": 0.010157477110624313, "W12HISP": 0.009954613633453846, "W1FIPCOM": 0.009889584966003895, "COMPLET3": 0.009827246889472008, "WWWBLACK": 0.009816121309995651, "AGE65PLM": 0.009692742489278316, "RACWT2RC": 0.009322186931967735, "IMPHISP": 0.00928544346243143, "WWWSEX": 0.009178617037832737, "WWWEDU3": 0.008356471545994282, "W1AGE": 0.008171165362000465, "AGE5059M": 0.007880371995270252, "AGE6064M": 0.007563689723610878, "WWWRACE3": 0.007044550031423569, "W12AGEC1": 0.006723232567310333, "WWWMALE": 0.006446197163313627, "WWWAGEC1": 0.0057940129190683365, "IMPRACE": 0.005028807558119297, "WWWHISP": 0.00043208280112594366, "MULT2": 0.00022822816390544176, "W12SEX": 4.88917567054159e-06}