{"WWWAGE": 0.21626459062099457, "W1STATE": 0.15324681997299194, "WWWHOMLN": 0.12174326181411743, "WWWBLACK": 0.09702112525701523, "WWWBRNUS": 0.060786955058574677, "COUNTY": 0.05455446615815163, "DG3": 0.05064702406525612, "CD2": 0.04629029333591461, "STRATA": 0.04475492984056473, "CENSDIV": 0.0444529689848423, "USAWT1RV": 0.04441014304757118, "WWWAGEC1": 0.033520493656396866, "WWWHISP": 0.03230690211057663}