{"UMAP_1": 0.6025328636169434, "UMAP_2": 0.3974671959877014}