{"UMAP_2": 0.6685194373130798, "UMAP_1": 0.33148056268692017}