{"UMAP_2": 0.5208837985992432, "UMAP_1": 0.47911617159843445}