{"UMAP_2": 0.6055177450180054, "UMAP_1": 0.3944823145866394}