{"UMAP_1": 0.5151981115341187, "UMAP_2": 0.48480185866355896}