{"UMAP_2": 0.6066147089004517, "UMAP_1": 0.39338529109954834}