{"UMAP_1": 0.584667980670929, "UMAP_2": 0.41533204913139343}