{"UMAP_1": 0.5406332015991211, "UMAP_2": 0.4593668580055237}