{"UMAP_1": 0.5364335179328918, "UMAP_2": 0.4635664224624634}