{"UMAP_1": 0.5857822299003601, "UMAP_2": 0.4142177104949951}