{"UMAP_2": 0.5117445763060836, "UMAP_1": 0.4882554236939164}