{"UMAP_2": 0.5639355693241243, "UMAP_1": 0.43606443067587586}