{"PC_2": 0.340370852135713, "PC_1": 0.1843640269734798, "PC_7": 0.11358698965813124, "PC_8": 0.08815765268915711, "PC_5": 0.06179160248949632, "PC_6": 0.05153867912643978, "PC_3": 0.0459254954115957, "PC_4": 0.044041957100693946, "PC_9": 0.03808873870547468, "PC_10": 0.03213400570981837}