{"PC_2": 0.28504209464097086, "PC_1": 0.17186888920640983, "PC_7": 0.09322725748783695, "PC_8": 0.0862088955007314, "PC_6": 0.07050551480068044, "PC_9": 0.06822095390197605, "PC_5": 0.06350573692784187, "PC_3": 0.05685541084833714, "PC_4": 0.056719021720123754, "PC_10": 0.047846224965091826}