{"PC_2": 0.18587042391300201, "PC_1": 0.1357324719429016, "PC_8": 0.10885213315486908, "PC_7": 0.09231448918581009, "PC_6": 0.08977705240249634, "PC_5": 0.08411133289337158, "PC_4": 0.08337238430976868, "PC_9": 0.07849594950675964, "PC_3": 0.07379266619682312, "PC_10": 0.06768111884593964}