{"UMAP_2": 0.6021842956542969, "UMAP_1": 0.39781567454338074}