{"RWAVENEW": 0.5990193369505005, "USAWT2CC": 0.050242097579762515, "W2CIVLIB": 0.04396974282276292, "W2TOTCL": 0.042352151170449284, "RHWT2CC": 0.0371750250678341, "W2SECURE": 0.031193283170421315, "W2MISSCL": 0.028240893491269254, "WWWAGE": 0.02326208506897665, "W2FIPCOM": 0.014373307430138047, "WWWAGEC1": 0.013665670620693158, "W1STATE": 0.011925456510734369, "USAWT2RC": 0.009689131519652592, "USAWT2NC": 0.009228476611420542, "USAWT1RV": 0.007126963213908964, "CENSDIV": 0.007099364608270165, "RACWT1RV": 0.006549442535499934, "RHWT2RC": 0.005953910026410235, "WWWEDU5": 0.00555660949693833, "EDUCAT4": 0.004862074668103332, "AGE1829": 0.004629021535958255, "W12EDUC3": 0.00436217900163588, "W12RACE4": 0.004135470298384275, "WWWRACE4": 0.00385041798420934, "W1TRUAM2": 0.0038237431756141475, "WWWWHITE": 0.0036938237580534977, "WWWEDU3": 0.003471167790733746, "W1FIPCOM": 0.002222408775247686, "WWWSEX": 0.002188993839281823, "WWWBRNUS": 0.001756011279653572, "COMPLET2": 0.0015816496713344432, "WWWRACE3": 0.0015401222570593845, "AGE65PLM": 0.0013736456567627186, "AGE3039": 0.0013133042022252567, "AGE4049M": 0.0013096319986226374, "RACES": 0.0012072536606473417, "WWWHISP": 0.0010256972306819775, "WWWBLACK": 0.0009866712329528815, "RAC3": 0.0009542418393899788, "IMPHISP": 0.0008124866290327155, "AGE5059M": 0.0007250235396764255, "NEWRACE": 0.0006322178991348349, "WWWHOMLN": 0.0005895711743975524, "AGE6064M": 0.00028520242936348533, "W12OTHET": 4.502057620005578e-05, "MULT2": 0.0}