{"RWAVENEW": 0.9956294124603909, "W2CIVLIB": 0.001403352843836064, "WWWAGE": 0.0010693256304855055, "WWWAGEC1": 0.0006480761396881817, "WWWWHITE": 0.0005717363437850584, "W1STATE": 0.00026038259654105345, "W2SECURE": 0.0001604908448750153, "W2MISSCL": 0.00013669309198905655, "RHWT2CC": 0.00012053004840930476, "WWWSEX": 0.0, "W12EDUC3": 0.0, "AGE65PLM": 0.0, "WWWBLACK": 0.0, "AGE4049M": 0.0, "W1FIPCOM": 0.0, "AGE5059M": 0.0, "W2TOTCL": 0.0, "AGE3039": 0.0, "W2FIPCOM": 0.0, "WWWHOMLN": 0.0, "W1TRUAM2": 0.0, "AGE1829": 0.0, "EDUCAT4": 0.0, "WWWBRNUS": 0.0, "WWWHISP": 0.0, "CENSDIV": 0.0, "WWWEDU3": 0.0, "WWWEDU5": 0.0, "AGE6064M": 0.0, "W12RACE4": 0.0, "WWWRACE4": 0.0, "RAC3": 0.0, "WWWRACE3": 0.0, "NEWRACE": 0.0, "COMPLET2": 0.0, "IMPHISP": 0.0, "RACES": 0.0, "W12OTHET": 0.0, "USAWT2CC": 0.0, "USAWT2NC": 0.0, "RACWT1RV": 0.0, "USAWT2RC": 0.0, "USAWT1RV": 0.0, "RHWT2RC": 0.0, "MULT2": 0.0}