{"RWAVENEW": 0.7763512134552002, "WWWRACE3": 0.018306264653801918, "WWWAGE": 0.01775914616882801, "USAWT2CC": 0.014936366118490696, "W12EDUC3": 0.014645371586084366, "RHWT2CC": 0.014119364321231842, "WWWSEX": 0.013357688672840595, "WWWWHITE": 0.013213932514190674, "CENSDIV": 0.012493322603404522, "W2CIVLIB": 0.011601045727729797, "USAWT2NC": 0.01115338783711195, "W12RACE4": 0.010600780136883259, "W2SECURE": 0.00968254916369915, "W1STATE": 0.009653137996792793, "W2FIPCOM": 0.008834474720060825, "WWWRACE4": 0.008279281668365002, "WWWHISP": 0.006718918681144714, "AGE6064M": 0.006523687392473221, "WWWBLACK": 0.004985793959349394, "EDUCAT4": 0.004521456081420183, "W2MISSCL": 0.004400163888931274, "RACWT1RV": 0.004167188890278339, "WWWHOMLN": 0.0023797170724719763, "USAWT1RV": 0.0013157690409570932, "AGE65PLM": 0.0, "AGE4049M": 0.0, "W1FIPCOM": 0.0, "AGE5059M": 0.0, "W2TOTCL": 0.0, "AGE3039": 0.0, "W1TRUAM2": 0.0, "AGE1829": 0.0, "WWWBRNUS": 0.0, "WWWEDU3": 0.0, "WWWAGEC1": 0.0, "WWWEDU5": 0.0, "RAC3": 0.0, "NEWRACE": 0.0, "COMPLET2": 0.0, "IMPHISP": 0.0, "RACES": 0.0, "W12OTHET": 0.0, "USAWT2RC": 0.0, "RHWT2RC": 0.0, "MULT2": 0.0}