{"UMAP_1": 0.6036605520374101, "UMAP_2": 0.39633944796259}