{"UMAP_1": 0.5891222953796387, "UMAP_2": 0.4108777642250061}