{"UMAP_1": 0.523207839073703, "UMAP_2": 0.47679216092629706}